<?xml version="1.0" encoding="UTF-8" standalone="yes"?>
<addon id="plugin.program.reaperwizard" name="Reaper Wizard" version="2.0.7" provider-name="Reddit_Reaper">
    <requires>
        <import addon="xbmc.python" version="3.0.0" />
        <import addon="script.module.requests" />
        <import addon="script.module.six" />
        <import addon="script.kodi.android.update" optional="true" version="1.1.7" />
        <import addon="script.speedtester" optional="true" version="1.1.2" />
    </requires>
    
    <extension point="xbmc.python.pluginsource" library="default.py">
        <provides>executable</provides>
    </extension>
    
    <extension point="xbmc.service" library="startup.py" start="startup" />
    
    <extension point="xbmc.addon.metadata">
        <summary lang="en">[COLOR limegreen]Open[/COLOR]Wizard</summary>
        <description lang="en">[COLOR limegreen]Open[/COLOR]Wizard offers many maintenance features, selective add-on data saving, and automated build installs.</description>
        <platform>all</platform>
        <reuselanguageinvoker>false</reuselanguageinvoker>
        <source>https://www.github.com/a4k-openproject/plugin.program.openwizard/</source>
        <news>
2.0.7
 - Fix Error when using default log settings
2.0.6
 - Fix regex for formatting tags
 - Fix theme selection after build install
 - Fix downloading into invalid path
2.0.5
 - Add Enable All Add-ons after Build Install
2.0.4
 - Fix leftover broken dialogs
2.0.3
 - Don't show previous version builds in Matrix
2.0.2
 - Replace remaining occurences of LOGNOTICE
2.0.1
 - Add attribution to @slamious
2.0.0
 - Initial Matrix support
        </news>
        <assets>
            <icon>icon.png</icon>
            <fanart>fanart.png</fanart>
        </assets>
    </extension>
</addon>
