<?xml version="1.0" encoding="UTF-8" standalone="yes"?>
<addon id="plugin.program.reaperwizard" name="Reaper Wizard" version="1.4.9" provider-name="Reddit_Reaper">
    <requires>
        <import addon="xbmc.python" version="2.1.0" />
        <import addon="script.module.requests" />
        <import addon="script.module.six" />
        <import addon="script.kodi.android.update" optional="true" version="1.1.7" />
        <import addon="script.speedtester" optional="true" version="1.1.2" />
    </requires>
    
    <extension point="xbmc.python.pluginsource" library="default.py">
        <provides>executable</provides>
    </extension>
    
    <extension point="xbmc.service" library="startup.py" start="startup" />
    
    <extension point="xbmc.addon.metadata">
        <summary lang="en">Reaper Wizard</summary>
        <description lang="en">Reaper Wizard allows you to get access to the latest Reaper Custom Builds.</description>
        <platform>all</platform>
        <reuselanguageinvoker>false</reuselanguageinvoker>
        <source>https://www.github.com/drinfernoo/plugin.program.openwizard/</source>
        <news>
1.4.9
 - Fix Error Related to Log
1.4.8
 - Fix regex for formatting tags
 - Fix theme selection after build install
 - Fix downloading into invalid path
1.4.7
 - Don't show Matrix builds in previous versions
1.4.6
 - Use Speed Tester add-on from official repo
1.4.5
 - Fix bugs with unintended files being cleared
1.4.4
 - Transfer ownership
1.4.3
 - Fix missing artwork on items (thanks @xulek)
1.4.2
 - A few bug fixes
1.4.1
 - Fix crash on fresh installs
1.4.0
 - Fix APK Installer
 - Convert official APK downloader to use official script
 - Add scrollbar to Save Data dialog
 - Fix skin path in build info
        </news>
        <assets>
            <icon>icon.png</icon>
            <fanart>fanart.png</fanart>
        </assets>
    </extension>
</addon>
